purchase_date,member_id,store,category,product,qty,amount,transaction_id
2024-01-05,M001,summit,groceries,milk,2,380,T20240105001
2024-01-05,M001,summit,groceries,bread,1,250,T20240105001
2024-01-05,M001,summit,snacks,chips,1,180,T20240105001
2024-01-05,M002,tomods,pharmacy,vitamins,1,1500,T20240105002
2024-01-05,M003,summit,groceries,eggs,1,320,T20240105003
2024-01-05,M003,summit,beverages,orange_juice,2,480,T20240105003
2024-01-06,M004,tomods,cosmetics,face_cream,1,2800,T20240106001
2024-01-06,M005,summit,groceries,rice,1,1980,T20240106002
2024-01-06,M005,summit,groceries,vegetables,3,450,T20240106002
2024-01-07,M001,tomods,pharmacy,cold_medicine,1,980,T20240107001
2024-01-07,M006,summit,snacks,chocolate,2,360,T20240107002
2024-01-07,M006,summit,beverages,coffee,1,890,T20240107002
2024-01-08,M002,summit,groceries,milk,1,190,T20240108001
2024-01-08,M007,tomods,cosmetics,shampoo,1,680,T20240108002
2024-01-08,M007,tomods,cosmetics,conditioner,1,720,T20240108002
2024-01-09,M008,summit,groceries,bread,2,500,T20240109001
2024-01-09,M008,summit,groceries,butter,1,380,T20240109001
2024-01-10,M003,tomods,pharmacy,bandages,1,450,T20240110001
2024-01-10,M009,summit,beverages,tea,3,720,T20240110002
2024-01-11,M010,summit,groceries,eggs,2,640,T20240111001
2024-01-11,M010,summit,snacks,cookies,1,280,T20240111001
2024-01-12,M004,summit,groceries,milk,1,190,T20240112001
2024-01-12,M004,summit,groceries,yogurt,2,420,T20240112001
2024-01-13,M011,tomods,cosmetics,lipstick,1,1200,T20240113001
2024-01-13,M011,tomods,cosmetics,mascara,1,980,T20240113001
2024-01-14,M012,summit,groceries,rice,1,1980,T20240114001
2024-01-14,M012,summit,groceries,noodles,2,480,T20240114001
2024-01-15,M001,summit,snacks,chips,2,360,T20240115001
2024-01-15,M001,summit,beverages,soda,3,450,T20240115001
2024-01-16,M013,tomods,pharmacy,vitamins,2,3000,T20240116001
2024-01-16,M014,summit,groceries,vegetables,4,600,T20240116002
2024-01-17,M005,tomods,cosmetics,sunscreen,1,1580,T20240117001
2024-01-17,M015,summit,groceries,milk,2,380,T20240117002
2024-01-17,M015,summit,groceries,eggs,1,320,T20240117002
2024-01-18,M016,summit,snacks,chocolate,3,540,T20240118001
2024-01-18,M016,summit,beverages,coffee,2,1780,T20240118001
2024-01-19,M002,tomods,pharmacy,pain_relief,1,780,T20240119001
2024-01-19,M017,summit,groceries,bread,1,250,T20240119002
2024-01-20,M018,tomods,cosmetics,face_wash,1,890,T20240120001
2024-01-20,M018,tomods,cosmetics,toner,1,1280,T20240120001
2024-01-21,M003,summit,groceries,rice,1,1980,T20240121001
2024-01-21,M003,summit,beverages,tea,2,480,T20240121001
2024-01-22,M019,summit,snacks,cookies,2,560,T20240122001
2024-01-22,M020,tomods,pharmacy,cold_medicine,1,980,T20240122002
2024-01-23,M006,summit,groceries,eggs,1,320,T20240123001
2024-01-23,M006,summit,groceries,milk,1,190,T20240123001
2024-01-24,M021,tomods,cosmetics,perfume,1,4500,T20240124001
2024-01-24,M022,summit,groceries,vegetables,2,300,T20240124002
2024-01-25,M001,tomods,pharmacy,vitamins,1,1500,T20240125001
2024-01-25,M023,summit,snacks,chips,1,180,T20240125002
2024-01-26,M024,summit,groceries,bread,2,500,T20240126001
2024-01-26,M024,summit,groceries,butter,1,380,T20240126001
2024-01-27,M007,summit,beverages,coffee,1,890,T20240127001
2024-01-27,M025,tomods,cosmetics,shampoo,2,1360,T20240127002
2024-01-28,M008,summit,groceries,rice,1,1980,T20240128001
2024-01-28,M026,tomods,pharmacy,bandages,2,900,T20240128002
2024-01-29,M027,summit,snacks,chocolate,1,180,T20240129001
2024-01-29,M027,summit,beverages,soda,2,300,T20240129001
2024-01-30,M009,tomods,cosmetics,face_cream,1,2800,T20240130001
2024-01-31,M028,summit,groceries,milk,2,380,T20240131001
2024-01-31,M028,summit,groceries,eggs,1,320,T20240131001
2024-02-01,M001,summit,groceries,vegetables,3,450,T20240201001
2024-02-01,M029,tomods,pharmacy,vitamins,1,1500,T20240201002
2024-02-02,M030,summit,snacks,cookies,1,280,T20240202001
2024-02-02,M030,summit,beverages,tea,2,480,T20240202001
2024-02-03,M004,tomods,cosmetics,lipstick,1,1200,T20240203001
2024-02-03,M031,summit,groceries,bread,1,250,T20240203002
2024-02-04,M010,summit,groceries,rice,1,1980,T20240204001
2024-02-04,M010,summit,groceries,noodles,1,240,T20240204001
2024-02-05,M032,tomods,pharmacy,cold_medicine,1,980,T20240205001
2024-02-05,M033,summit,snacks,chips,2,360,T20240205002
2024-02-06,M012,summit,beverages,coffee,2,1780,T20240206001
2024-02-06,M034,tomods,cosmetics,mascara,1,980,T20240206002
2024-02-07,M002,summit,groceries,milk,1,190,T20240207001
2024-02-07,M002,summit,groceries,yogurt,2,420,T20240207001
2024-02-08,M035,tomods,pharmacy,pain_relief,1,780,T20240208001
2024-02-08,M036,summit,snacks,chocolate,2,360,T20240208002
2024-02-09,M003,summit,groceries,eggs,2,640,T20240209001
2024-02-09,M037,tomods,cosmetics,sunscreen,1,1580,T20240209002
2024-02-10,M014,summit,groceries,vegetables,2,300,T20240210001
2024-02-10,M038,summit,beverages,orange_juice,2,480,T20240210002
2024-02-11,M039,tomods,pharmacy,vitamins,1,1500,T20240211001
2024-02-11,M040,summit,snacks,cookies,1,280,T20240211002
2024-02-12,M001,summit,groceries,bread,2,500,T20240212001
2024-02-12,M001,summit,groceries,butter,1,380,T20240212001
2024-02-13,M041,tomods,cosmetics,face_wash,1,890,T20240213001
2024-02-13,M042,summit,beverages,soda,3,450,T20240213002
2024-02-14,M005,summit,groceries,chocolate,5,900,T20240214001
2024-02-14,M005,summit,snacks,cookies,2,560,T20240214001
2024-02-14,M043,tomods,cosmetics,perfume,1,4500,T20240214002
2024-02-14,M044,summit,groceries,flowers,1,1500,T20240214003
2024-02-15,M045,summit,groceries,rice,1,1980,T20240215001
2024-02-15,M046,tomods,pharmacy,cold_medicine,1,980,T20240215002
2024-02-16,M006,summit,snacks,chips,1,180,T20240216001
2024-02-16,M006,summit,beverages,coffee,1,890,T20240216001
2024-02-17,M047,tomods,cosmetics,shampoo,1,680,T20240217001
2024-02-17,M047,tomods,cosmetics,conditioner,1,720,T20240217001
2024-02-18,M015,summit,groceries,milk,1,190,T20240218001
2024-02-18,M048,summit,snacks,chocolate,1,180,T20240218002
2024-02-19,M049,tomods,pharmacy,bandages,1,450,T20240219001
2024-02-19,M050,summit,beverages,tea,2,480,T20240219002
2024-02-20,M008,summit,groceries,eggs,1,320,T20240220001
2024-02-20,M008,summit,groceries,vegetables,2,300,T20240220001
2024-02-21,M051,tomods,cosmetics,face_cream,1,2800,T20240221001
2024-02-21,M052,summit,groceries,bread,1,250,T20240221002
2024-02-22,M016,summit,snacks,cookies,1,280,T20240222001
2024-02-22,M053,tomods,pharmacy,vitamins,2,3000,T20240222002
2024-02-23,M054,summit,beverages,orange_juice,1,240,T20240223001
2024-02-23,M055,summit,groceries,yogurt,2,420,T20240223002
2024-02-24,M001,tomods,cosmetics,sunscreen,1,1580,T20240224001
2024-02-24,M056,summit,snacks,chips,2,360,T20240224002
2024-02-25,M057,summit,groceries,rice,1,1980,T20240225001
2024-02-25,M057,summit,groceries,noodles,2,480,T20240225001
2024-02-26,M011,tomods,cosmetics,mascara,1,980,T20240226001
2024-02-26,M058,summit,beverages,coffee,1,890,T20240226002
2024-02-27,M003,summit,groceries,milk,2,380,T20240227001
2024-02-27,M003,summit,groceries,bread,1,250,T20240227001
2024-02-28,M059,tomods,pharmacy,pain_relief,2,1560,T20240228001
2024-02-28,M060,summit,snacks,chocolate,1,180,T20240228002
2024-02-29,M061,summit,groceries,eggs,1,320,T20240229001
2024-02-29,M061,summit,beverages,tea,1,240,T20240229001
2024-03-01,M002,tomods,cosmetics,lipstick,1,1200,T20240301001
2024-03-01,M062,summit,groceries,vegetables,3,450,T20240301002
2024-03-02,M063,summit,snacks,cookies,2,560,T20240302001
2024-03-02,M064,tomods,pharmacy,cold_medicine,1,980,T20240302002
2024-03-03,M009,summit,groceries,rice,1,1980,T20240303001
2024-03-03,M009,summit,beverages,soda,2,300,T20240303001
2024-03-04,M065,tomods,cosmetics,face_wash,1,890,T20240304001
2024-03-04,M065,tomods,cosmetics,toner,1,1280,T20240304001
2024-03-05,M001,summit,groceries,milk,1,190,T20240305001
2024-03-05,M001,summit,snacks,chips,1,180,T20240305001
2024-03-06,M066,tomods,pharmacy,vitamins,1,1500,T20240306001
2024-03-06,M067,summit,beverages,coffee,2,1780,T20240306002
2024-03-07,M010,summit,groceries,bread,2,500,T20240307001
2024-03-07,M068,tomods,cosmetics,shampoo,1,680,T20240307002
2024-03-08,M069,summit,snacks,chocolate,2,360,T20240308001
2024-03-08,M070,summit,groceries,eggs,1,320,T20240308002
2024-03-09,M004,tomods,pharmacy,bandages,1,450,T20240309001
2024-03-09,M071,summit,beverages,orange_juice,2,480,T20240309002
2024-03-10,M072,summit,groceries,vegetables,2,300,T20240310001
2024-03-10,M073,tomods,cosmetics,perfume,1,4500,T20240310002
2024-03-11,M007,summit,groceries,rice,1,1980,T20240311001
2024-03-11,M007,summit,groceries,noodles,1,240,T20240311001
2024-03-12,M074,tomods,pharmacy,pain_relief,1,780,T20240312001
2024-03-12,M075,summit,snacks,cookies,1,280,T20240312002
2024-03-13,M003,summit,beverages,tea,2,480,T20240313001
2024-03-13,M076,tomods,cosmetics,face_cream,1,2800,T20240313002
2024-03-14,M077,summit,groceries,milk,2,380,T20240314001
2024-03-14,M077,summit,groceries,butter,1,380,T20240314001
2024-03-15,M078,tomods,pharmacy,vitamins,1,1500,T20240315001
2024-03-15,M079,summit,snacks,chips,2,360,T20240315002
